variant_label,replicate_index,k10_total,frequency_rubric_mean,evidence_relevance_mean,hallucination,details,report_path,raw_grader_response
LLM_a_nemotron,0,44,2.6,2.6,False,"Evidence lines for many items are not tightly linked to the symptom themes, leading to low relevance scores. Frequency of symptoms across entries appears moderate for anxious, restless, and fatigue themes, but lower for hopeless, worthless, and passive depression. No clear unsupported facts were found.",/Users/jan-hsuanchu/dsai/JournalAnalyzer/reports/journal_report_20260412_125050.html,"{
  ""frequency_rubric_per_item"": [3,4,2,1,4,3,3,1,2,3],
  ""frequency_rubric_mean"": 2.60,
  ""evidence_relevance_per_item"": [1,5,5,1,4,4,2,2,1,1],
  ""evidence_relevance_mean"": 2.60,
  ""hallucination"": false,
  ""details"": ""Evidence lines for many items are not tightly linked to the symptom themes, leading to low relevance scores. Frequency of symptoms across entries appears moderate for anxious, restless, and fatigue themes, but lower for hopeless, worthless, and passive depression. No clear unsupported facts were found.""
}"
LLM_b_gpt-oss,0,36,3.0,3.3,False,"The report captures many bouts of anxiety and restless moods consistently across days, but lacks specific evidence for effort, sadness, and worthlessness items, leading to lower relevance and frequency scores for those items.",/Users/jan-hsuanchu/dsai/JournalAnalyzer/reports/journal_report_20260412_125128.html,"{""frequency_rubric_per_item"":[3,4,4,2,3,4,4,3,2,1],""frequency_rubric_mean"":3.00,""evidence_relevance_per_item"":[4,5,5,3,4,5,4,1,1,1],""evidence_relevance_mean"":3.30,""hallucination"":false,""details"":""The report captures many bouts of anxiety and restless moods consistently across days, but lacks specific evidence for effort, sadness, and worthlessness items, leading to lower relevance and frequency scores for those items.""}"
LLM_c_qwen,0,33,2.4,2.4,False,"The report fairly matches diary content for most items, with only minor gaps in item 5 and 6 where restlessness is noted but not persistent.",/Users/jan-hsuanchu/dsai/JournalAnalyzer/reports/journal_report_20260412_125252.html,"{
  ""frequency_rubric_per_item"": [4,3,2,1,3,2,3,3,2,1],
  ""frequency_rubric_mean"": 2.40,
  ""evidence_relevance_per_item"": [4,3,2,1,3,2,3,3,2,1],
  ""evidence_relevance_mean"": 2.40,
  ""hallucination"": false,
  ""details"": ""The report fairly matches diary content for most items, with only minor gaps in item 5 and 6 where restlessness is noted but not persistent.""
}"
